"place_lon","place_lat"
-117.851089,33.842863
-95.158936,29.668301
-81.8409045,41.1525105
-118.4119065,34.0207895
-81.9215795,41.4445855
-80.5545375,37.1180195
-83.804475,27.698682
-81.5204785,41.58846
-122.31344,47.3857525
-79.249025,37.331123
-86.1531435,41.674542
-96.053431,41.275721
-75.117998,40.0048655
-84.433106,33.7671945
-96.961483,32.863917
-81.950781,33.5298345
-81.8077615,26.3613605
-74.2454555,40.6242735
-86.7779855,35.9952715
-81.33066,35.7292895
-97.7858035,30.1409935
-82.5670075,35.5390725
-81.068556,29.190223
-77.604684,41.1179365
-123.095999,44.6311335
-77.0143985,38.898603
-96.9596635,32.595264
-82.985772,39.9946835
-87.732013,41.8335845
-86.1429225,39.7795625
-89.876449,32.571032
-120.4703395,34.6544245
-79.02602,35.9194415
-80.9977005,35.0477015
-95.4464865,29.838495
-96.8300925,46.8648825
-96.7617535,32.8198585
-73.362771,40.705082
-77.2369685,38.8051145
-118.1130755,33.8446495
-73.9685415,40.780709
-105.5508905,38.997936
-82.019612,41.3824635
-80.649699,28.117874
-96.5444425,32.924258
-83.742416,43.1702
-75.0910815,40.080594
-78.748399,42.9072065
-81.5386955,30.652365
-104.976767,39.5347935
-104.9220935,39.713563
-115.135165,36.0609645
-73.9487755,40.655138
-110.9155735,32.1893905
-71.079038,41.8995335
-122.3306025,47.614817
-119.827182,39.512436
-86.290863,41.6796555
-77.5783755,38.7508685
-98.14361,26.1990825
-81.705467,41.4959395
-117.397616,33.935822
-83.062448,39.9841725
-84.3338805,33.58564
-95.913642,36.1093915
-85.39135,40.1972405
-83.9638415,35.9824705
-83.1738665,32.6782075
-111.7385665,33.295215
-93.434323,44.7231445
-84.3064885,33.9430725
-84.180557,35.8619035
-78.925679,39.6548345
-84.668414,39.1658995
-97.8618825,27.5005925
-84.658242,39.1870815
-106.4174305,31.793368
-75.9135445,40.3885265
-77.5979445,35.2754815
-105.1233195,39.685852
-88.1615555,30.683649
-73.132697,7.144793
-122.611549,45.711852
-75.7037835,39.4436975
-83.574671,41.6565905
-80.8467855,35.209059
-76.6039565,39.1695855
-74.229107,40.693259
-73.022108,41.5665785
-117.1542695,46.730822
-93.2620465,44.9706105
-122.2286855,37.791994
-81.6835065,41.113262
-93.774755,41.5642575
-78.190531,43.0015345
-88.728421,34.2640735
-84.1920685,34.038017
-92.3640735,30.2189665
-94.7901975,39.0084315
-98.5406515,29.417501
-73.8311875,40.6708795
-97.751876,30.456955
-75.0748885,39.915827
-80.1818345,38.9201425
-87.903243,41.804401
-117.5621525,34.12167
-83.4909575,42.4191315
-81.4701035,41.6353555
-85.9785995,35.8305215
-86.964489,33.3761125
-71.103722,42.3954025
-87.848928,41.499327
-92.3622455,45.309908
-80.3279985,26.0278895
-73.47405,40.7835165
-74.20041,40.434913
-92.0611765,30.206079
-117.104989,32.810012
-81.76466,41.3878385
-95.31704,32.3156615
-86.40961,35.84742
-97.754724,30.3233455
-74.601832,39.317203
-96.835249,33.1501395
-83.2607945,42.146818
-95.7787115,29.721989
-83.056533,42.622007
-82.8942535,42.4958195
-80.964024,41.190482
-82.5700005,34.833736
-76.620482,39.284713
-117.2397795,33.1849205
-80.244984,36.0871685
-81.404855,30.27988
-89.5694915,44.900818
-106.632718,35.1170025
-88.0081985,44.5231735
-83.139281,40.1252735
-104.955612,39.589577
-82.442694,27.9965945
-93.018145,45.067479
-100.0768885,31.1688935
-86.6807375,32.576227
-97.672732,30.5193405
-83.52916,42.528303
-85.5656885,42.290524
-84.1547375,39.6267125
-80.307064,25.976124
-81.633705,38.347486
-77.202398,38.8929345
-78.747369,42.7677015
-84.4703885,33.6312775
-84.412759,42.711251
-87.884865,41.9346305
-106.4886255,35.1742515
-84.312419,37.739209
-118.159729,34.0352975
-122.043373,37.313083
-96.7847265,44.291864
-116.361297,33.7405385
-96.6965625,40.803235
-94.6750935,38.931549
-121.0197745,37.315628
-71.276501,42.8912355
-84.285151,39.862183
-87.837198,41.747512
-86.392482,39.6899065
-73.0701345,40.7984375
-97.9351915,29.8956065
-77.241208,39.0560385
-81.3511495,41.311988
-84.4149105,39.3352155
-88.3157525,42.2481325
-94.4345195,39.2396655
-75.3374935,39.920855
-122.5207275,37.9865425
-88.2059585,41.9761445
-96.621634,32.907642
-85.689502,38.186511
-79.861034,35.1704985
-80.0671055,37.288445
-84.4537245,39.1614505
-80.926628,33.6311395
-97.1356375,32.70185
-84.1140215,40.7524555
-74.1454065,41.059269
-76.510792,38.969966
-87.5334065,33.1966005
-96.7349005,33.0612425
-97.343915,37.6838965
-121.3820915,38.4215345
-90.5510645,38.5862115
-86.791549,36.200008
-84.5398125,39.137038
-86.441236,39.7665555
-87.744706,42.0341165
-84.557899,42.712049
-80.3452625,27.300765
-87.9672925,43.0567225
-122.430277,48.7533525
-78.88398,43.0755705
-93.1056485,44.9415155
-83.099288,42.3527865
-82.8428985,38.725306
-114.087851,51.027664
-75.180025,39.964816
-84.515786,33.846765
-86.013249,42.805194
-105.2426865,40.0239815
-93.3613205,46.4418605
-121.7562785,38.675018
-95.946824,32.9068285
-71.4218325,41.817084
-77.085747,35.120205
-91.537062,41.6473535
-80.360658,25.620761
-79.2725695,43.629311
-75.3671965,40.6252755
-92.4367735,38.3045585
-83.1407835,42.460877
-85.695933,37.9995225
-112.1246765,33.5528625
-82.881943,39.968867
-73.183966,44.4954325
-81.5167515,41.0808775
-89.2232095,37.717654
-80.8377185,40.892067
-71.683502,42.036939
-87.920083,41.172804
-80.8293865,28.584726
-82.6694675,40.3651595
-117.1970825,33.6880475
-122.295229,37.5162205
-80.1491725,26.150368
-79.420865,38.0033755
-72.647523,42.223668
-79.616073,43.555244
-95.5398525,30.1812515
-121.967821,37.37099
-90.9149645,30.4635645
-95.5472695,30.7060885
-84.266174,30.4762155
-96.2916485,30.5854715
-96.8336625,43.453491
-104.8216325,39.5777215
-81.5473325,28.480712
-81.3677725,28.5016785
-84.0107045,9.6323595
-78.4319515,42.0884535
-73.8494415,40.8503475
-77.438513,38.841163
-113.9016475,45.1749185
-74.1426995,40.9947125
-90.011008,29.982601
-89.8223015,38.60528
-87.7899005,41.8871295
-89.0175665,42.2571455
-92.4868215,31.293275
-87.759533,41.708954
-81.657895,36.215092
-72.8815725,41.5990055
-83.377181,42.4842785
-85.7248735,42.9874595
-81.986834,26.63648
-75.770041,42.746617
-80.8645565,35.5684345
-73.860857,40.9445675
-85.6305965,39.0010195
-75.5178975,39.159193
-77.268148,39.3881935
-96.478398,42.5014115
-71.2336905,42.060649
-71.041965,41.935175
-97.116784,32.5735485
-80.1677155,26.062405
-122.4359785,37.7706565
-81.511516,41.1652465
-78.7646315,43.0091165
-75.384245,40.1320755
-91.4010085,30.937336
-81.19485,34.1090235
-76.5686185,42.9480845
-84.4169165,42.759558
-121.8737305,37.331159
-81.972705,28.049601
-89.329708,43.0597175
-118.1567105,33.8091715
-95.604057,45.315755
-89.6998045,29.489602
-122.194398,47.481598
-77.5242255,40.0521585
-79.5869395,40.5710995
-74.030229,40.8750875
-87.875045,42.2401645
-121.2380875,37.8164535
-122.0429745,38.233362
-73.554097,41.0983345
-95.6907325,39.037579
-73.763825,42.7391215
-72.4511725,43.8717565
-73.3921075,40.674621
-86.2705395,45.00118
-97.683644,32.968518
-90.6006005,38.7578375
-95.19268,29.972668
-82.8152355,34.6939215
-115.2344355,36.0188045
-98.8572275,38.884626
-88.1613215,41.748496
-82.809551,40.083204
-78.440651,35.7309075
-121.9986445,37.973327
-79.676229,40.353746
-119.3066075,37.2691755
-83.2914245,42.6516675
-115.223125,36.232915
-71.0887125,42.3136695
-76.7046315,39.154153
-92.131274,34.7519365
-76.911261,38.9582445
-76.4174665,40.090773
-81.5665045,41.514008
-75.072719,39.7516555
-74.7243235,40.0730405
-84.550064,39.346932
-78.6372695,42.910005
-93.6393635,42.0325065
-76.865983,38.8527645
-76.3003825,40.0399505
-61.8117305,44.321234
-76.362276,37.0508965
-91.0907995,30.4591
-121.3007305,38.7631605
-74.0701695,40.944571
-99.750556,32.415051
-118.377313,33.854669
-75.093332,39.880914
-71.178616,42.372046
-94.731341,32.50328
-73.829435,42.6081775
-85.510207,36.1395275
-74.485163,40.785951
-90.247824,38.653771
-105.2285935,35.6053805
-74.6328365,40.5015775
-75.2014675,39.9503735
-80.1778765,26.2706925
-84.153529,39.695477
-98.319925,38.498196
-80.402683,33.937393
-111.931711,34.1682535
-72.757385,41.500753
-78.657837,35.8439815
-114.1432625,45.4945515
-75.1751275,40.69647
-122.4294405,47.139885
-75.3067705,39.937821
-82.5873885,28.0041725
-97.2859135,32.7799665
-121.3004255,37.980826
-77.8581095,40.7835375
-72.957097,41.2731705
-71.052126,42.405331
-111.634531,33.2423705
-77.641937,43.057039
-71.526844,42.15418
-76.9396335,36.6781005
-92.12284,46.7583345
-83.6339035,41.0550135
-117.434547,47.667438
-75.4962745,40.6706565
-111.8609655,40.5724555
-111.239462,36.1292925
-117.320879,33.226316
-84.715575,39.1678855
-81.934474,40.81569
-111.032309,32.342708
-87.665193,41.5589405
-72.2579145,41.353592
-81.921456,41.490977
-74.377998,40.5387865
-71.1962385,42.181867
-82.0193025,41.4485055
-81.226576,33.9207505
-88.0222305,43.0061125
-83.4348345,38.1815595
-74.6575195,40.915123
-92.5774485,40.194934
-70.953494,42.576595
-80.1129035,26.533486
-76.6151805,39.396352
-81.589647,40.0270015
-96.825551,33.10809
-80.0931635,40.5463505
-84.5793055,39.0567505
-80.2067175,26.7009785
-84.772176,43.593853
-79.484741,34.7543475
-113.0923375,37.6917225
-117.7823605,33.689732
-80.7482335,34.944999
-77.904653,40.8028355
-84.525403,39.2856785
-87.798147,41.565971
-80.1529235,25.8494915
-85.598011,42.9467365
-91.8117545,29.993466
-93.49034,44.778726
-74.1188015,40.9362525
-117.767354,34.1257705
-79.2296685,42.983029
-70.891243,43.187098
-77.4771055,39.0311595
-94.2791215,39.0148605
-79.0629265,38.1557615
-94.630657,39.171848
-75.303998,43.117995
-86.09684,39.79556
-90.327493,38.5867375
-104.789327,38.8885185
-97.2304615,31.501522
-82.3422685,34.7959415
-83.641199,32.58263
-82.441838,34.953849
-84.714162,33.736306
-88.113245,41.85174
-116.238001,43.598033
-102.0089875,33.519735
-72.8541685,41.673678
-75.5490445,40.561697
-118.3461525,33.9536335
-94.5592815,39.1000485
-79.9438375,39.6293145
-70.5251705,43.3773605
-79.95791,37.2744885
-79.8573635,36.090397
-87.1023995,37.765135
-81.9225355,41.4117025
-122.149397,47.8627655
-122.630908,45.536402
-117.9248925,33.8893475
-82.3302695,29.6731715
-82.0052245,35.6923975
-78.8270655,42.787388
-94.7745775,38.954341
-118.9188865,34.188478
-74.171711,40.4267405
-73.672894,40.6689815
-77.356767,38.608186
-111.992317,40.6030705
-98.1232495,29.705614
-75.0714215,39.8914695
-76.955799,38.9608415
-77.553048,39.101836
-114.330424,48.2074385
-93.785115,41.6840135
-71.331134,42.1160705
-119.1759405,46.1992915
-117.874032,33.617638
-81.411805,41.655578
-76.9212315,38.848156
-121.294241,37.821569
-82.73926,27.755378
-94.3484515,32.531603
-116.9899205,33.7293785
-84.1339925,34.008338
-99.454676,27.532077
-101.897173,33.5705265
-84.1956535,39.9664985
-79.9953585,35.9950545
-84.4309125,39.22303
-118.400264,33.9166485
-77.2038845,38.9374855
-122.2568425,38.1799225
-82.5225815,36.512493
-115.0611275,36.184754
-74.4992635,40.511209
-81.6070845,41.0056315
-91.6828545,41.976528
-84.7123025,38.054885
-71.1593885,42.4895265
-85.7682405,37.822244
-80.558851,40.6415635
-93.156922,45.0140865
-76.2958955,36.7632155
-117.9152615,34.1380885
-76.1288105,43.052607
-118.063704,33.9289335
-122.061771,47.6788125
-97.552161,35.4828435
-71.5507035,42.3458205
-77.572455,43.211767
-77.4931705,37.529883
-118.369645,34.0870095
-81.2480365,35.4759665
-75.175238,39.961333
-108.193367,36.75742
-97.024787,33.126924
-122.296281,47.1192855
-123.1224015,44.065621
-79.712191,40.5790625
-82.479513,28.087675
-118.080024,33.9939205
-81.441568,41.176533
-122.8202705,42.2782795
-78.8954405,35.9909825
-86.1324485,39.9632495
-72.7502315,41.762317
-86.3402345,39.601138
-81.393653,28.6648035
-87.4567795,41.5480755
-73.2257725,44.4925995
-78.853563,42.8962295
-83.030573,42.581306
-121.9103445,38.016752
-112.0886265,33.834852
-73.926137,41.093821
-74.066663,40.7180015
-71.112377,42.3781975
-87.846586,41.8239535
-74.185292,41.318312
-97.724487,35.3917465
-83.0731845,40.0265965
-122.030365,37.529056
-71.005928,42.143805
-96.927022,42.7811045
-82.9359155,42.509768
-106.662,35.29618
-96.92702,42.7811
-75.118,40.00487
-76.60396,39.16959
-80.328,26.02789
-71.21368,42.32539
-117.874,33.61764
-94.55928,39.10005
-76.91126,38.95824
-84.51579,33.84676
-75.77004,42.74662
-82.66947,40.36516
-95.44649,29.8385
-86.14292,39.77956
-80.96402,41.19048
-100.0769,31.16889
-83.30251,30.85608
-83.80447,27.69868
-71.42183,41.81708
-73.83119,40.67088
-92.01745,34.20437
-122.043,38.23336
-76.56862,42.94808
-89.26651,39.7393
-99.75056,32.41505
-87.73201,41.83358
-122.6309,45.5364
-76.75039,39.20674
-81.44502,41.31307
-80.15292,25.84949
-83.17387,32.67821
-78.65784,35.84398
-93.36132,46.44186
-76.70463,39.15415
-97.75472,30.32335
-80.84679,35.20906
-77.0144,38.8986
-93.63936,42.03251
-78.88398,43.07557
-95.91364,36.10939
-85.9786,35.83052
-86.44124,39.76656
-96.83201,32.95979
-88.31575,42.24813
-117.105,32.81001
-118.4119,34.02079
-73.37524,41.21688
-95.99018,30.08316
-112.1247,33.55286
-76.62048,39.28471
-82.53232,28.10338
-84.17555,39.71963
-81.52908,41.33942
-80.24498,36.08717
-81.70547,41.49594
-98.71699,35.30905
-83.64581,41.38709
-80.92663,33.63114
-122.3345,47.30757
-82.20275,28.36687
-77.57246,43.21177
-80.23333,25.78235
-92.06118,30.20608
-90.01101,29.9826
-81.53205,40.81483
-75.12482,39.70843
-81.35115,41.31199
-87.8372,41.74751
-79.42087,38.00338
-84.76301,33.37992
-94.69622,37.40577
-117.3209,33.22632
-94.21222,45.63248
-79.95791,37.27449
-122.436,37.77066
-92.13127,34.75194
-118.7546,34.14708
-105.5509,38.99794
-84.08379,39.64299
-89.56949,44.90082
-86.79155,36.20001
-117.2179,33.92192
-84.18056,35.8619
-93.42803,44.47911
-98.31992,38.4982
-72.64777,42.06693
-85.60496,42.91277
-80.08367,40.40932
-77.60468,41.11794
-122.4294,47.13988
-73.32083,40.88121
-101.8972,33.57053
-82.8542,40.02179
-81.37774,41.6621
-117.4627,34.10816
-84.43311,33.76719
-84.29691,33.77221
-79.86103,35.1705
-121.4362,37.72335
-78.43195,42.08845
-115.1334,36.24912
-122.3118,48.41812
-87.75953,41.70895
-86.13245,39.96325
-84.20037,39.78036
-117.9685,33.76904
-84.19599,39.36161
-79.71219,40.57906
-76.92123,38.84816
-78.8818,42.99366
-90.13367,32.47432
-122.3306,47.61482
-89.92203,35.13352
-94.52846,36.18338
-83.32137,34.56709
-77.102,38.88084
-71.23369,42.06065
-89.87645,32.57103
-90.87531,32.30788
-68.98471,45.18841
-89.98168,36.57271
-78.63727,42.91
-74.18529,41.31831
-76.50781,37.0903
-117.5622,34.12167
-118.132,34.17731
-79.69682,40.31564
-122.1892,47.89111
-83.21683,42.54869
-121.5454,38.55999
-104.9221,39.71356
-82.74104,39.89023
-76.149,39.4977
-81.39365,28.6648
-82.51921,34.77654
-79.87145,40.33862
-91.68285,41.97653
-86.43551,36.96567
-85.84122,41.5728
-90.92567,30.14994
-81.83002,41.24309
-85.02679,41.05772
-74.89636,39.95827
-97.28591,32.77997
-77.23697,38.80511
-74.06666,40.718
-77.27715,38.79362
-73.94878,40.65514
-114.1433,45.49455
-119.8272,39.51244
-84.53213,33.94812
-82.0964,39.32038
-116.3613,33.74054
-72.75738,41.50075
-82.70012,34.79258
-83.07859,40.28412
-84.15474,39.62671
-122.2305,47.22101
-74.27824,40.83876
-121.6413,36.68915
-91.08988,30.36735
-81.36777,28.50168
-74.10228,40.43273
-66.05837,18.38417
-72.54558,42.11306
-98.15427,19.03223
-71.19624,42.18187
-87.40988,46.54967
-73.96854,40.78071
-80.09542,8.421673
-77.35677,38.60819
-76.17819,40.18188
-122.1427,47.75004
-83.09929,42.35279
-74.22911,40.69326
-84.55737,38.22507
-79.41822,36.6072
-97.25663,37.55057
-82.98577,39.99468
-80.23878,25.9579
-80.30706,25.97612
-92.36407,30.21897
-96.76175,32.81986
-117.6038,34.04516
-92.60458,44.86536
-77.98527,39.46065
-98.54065,29.4175
-81.66152,26.59981
-71.49604,41.63335
-87.8433,42.01581
-118.1597,34.0353
-111.9317,34.16825
-79.24232,42.09278
-81.76466,41.38784
-79.91952,43.83231
-74.18485,40.73449
-85.85187,42.91071
-117.4345,47.66744
-106.4174,31.79337
-86.27054,45.00118
-86.68074,32.57623
-111.7386,33.29521
-74.72432,40.07304
-82.30672,27.82737
-117.7063,33.52945
-83.96384,35.98247
-83.60522,41.55253
-80.18183,38.92014
-77.52423,40.05216
-74.94641,40.10224
-89.01757,42.25715
-122.1944,47.4816
-76.49218,39.02362
-97.75384,31.07931
-117.8154,34.00094
-95.31704,32.31566
-73.43362,45.51094
-61.81173,44.32123
-80.86456,35.56843
-88.02223,43.00611
-104.9556,39.58958
-85.55761,38.19474
-121.3007,38.76316
-77.32305,37.54901
-80.05515,40.4954
-86.77799,35.99527
-106.0261,34.16624
-81.92254,41.4117
-86.12054,41.73486
-91.0908,30.4591
-73.18397,44.49543
-93.05863,44.8302
-87.88487,41.93463
-71.08871,42.31367
-96.29165,30.58547
-84.33388,33.58564
-76.30038,40.03995
-96.77104,32.51583
-75.90359,42.11179
-84.7123,38.05488
-76.21889,43.11035
-121.4697,38.56172
-104.7893,38.88852
-98.36253,25.83657
-87.53341,33.1966
-81.34029,41.69898
-75.1173,40.1507
-97.34391,37.6839
-97.16916,31.54745
-75.30677,39.93782
-76.97307,38.53121
-79.94384,39.62931
-86.29086,41.67966
-83.34976,40.23688
-121.879,36.5963
-71.5507,42.34582
-97.43242,27.73715
-71.6835,42.03694
-81.52653,41.52391
-119.3066,37.26918
-80.08703,42.1107
-86.24473,32.36415
-118.1573,33.99507
-85.72235,38.19555
-115.2231,36.23291
-74.24546,40.62427
-88.16156,30.68365
-78.74737,42.7677
-96.83525,33.15014
-117.9153,34.13809
-97.13564,32.70185
-119.3195,36.31949
-93.32013,45.16574
-97.42729,35.8758
-90.11005,29.88188
-76.29806,39.44051
-80.63113,35.40198
-95.11701,29.70759
-78.82707,42.78739
-81.92146,41.49098
-90.1511,38.90121
-121.9103,38.01675
-118.0279,33.93615
-88.20596,41.97614
-82.44184,34.95385
-85.49154,32.59725
-93.26205,44.97061
-95.77871,29.72199
-119.3025,47.12084
-96.97291,28.80253
-116.1788,33.69129
-79.98069,40.43139
-84.66773,34.05301
-100.3017,47.46786
-79.48474,34.75435
-75.95304,39.6097
-97.11477,33.2025
-80.1129,26.53349
-117.6733,33.98733
-88.01266,41.8735
-97.55216,35.48284
-87.74545,41.42666
-70.92874,43.13666
-74.12717,40.7875
-104.9768,39.53479
-118.2968,34.07317
-124.1447,40.58335
-122.2705,37.80813
-71.08993,42.67267
-97.75188,30.45696
-76.34542,39.53232
-96.83009,46.86488
-111.2979,47.49384
-73.72303,45.55783
-88.08075,41.79445
-111.9281,33.39288
-89.32971,43.05972
-104.7355,40.4145
-87.74471,42.03412
-117.6716,33.64635
-81.80305,41.48042
-77.42819,39.37247
-84.30649,33.94307
-81.68556,33.4183
-72.64752,42.22367
-71.47029,42.07637
-60.97635,13.90903
-89.55174,44.46649
-82.44269,27.99659
-117.8874,33.73999
-74.42301,40.61958
-91.53706,41.64735
-73.36392,40.86079
-96.6996,33.19465
-73.02211,41.56658
-86.61358,33.69137
-117.7674,34.12577
-72.45117,43.87176
-101.8161,35.21112
-71.11238,42.3782
-83.57939,30.10988
-96.69094,32.96448
-96.39804,34.01471
-114.4652,42.56126
-64.76731,32.31911
-73.11522,40.83052
-81.8409,41.15251
-74.65935,40.37288
-86.60134,36.37416
-122.0404,37.89367
-104.813,39.96186
-83.29142,42.65167
-79.17901,37.40096
-82.50628,28.01701
-121.4404,36.50919
-87.97182,43.01252
-85.22397,35.00297
-77.23091,38.89614
-120.665,35.27481
-96.73114,43.54101
-76.24342,43.04972
-84.31507,33.87454
-117.8511,33.84286
-73.65838,40.71163
-85.17005,41.08692
-123.3498,44.04506
-70.8828,43.25485
-119.272,35.75781
-75.32832,43.14697
-92.54718,47.51766
-83.72997,42.27084
-91.44793,30.70211
-117.2941,34.13493
-120.8825,47.27302
-83.02699,42.49285
-84.11402,40.75246
-75.76516,44.04197
-85.53257,43.11626
-70.78116,42.0977
-110.9156,32.18939
-98.15242,26.34753
-75.48394,40.59183
-111.917,40.76581
-81.43148,41.65915
-75.33749,39.92086
-84.3036,33.89019
-92.12284,46.75833
-98.30367,29.55086
-93.45943,44.8462
-79.61607,43.55524
-88.24,42.98164
-71.00536,42.20336
-84.01727,33.66663
-82.0193,41.44851
-101.9257,33.59641
-117.1543,46.73082
-97.45574,35.69522
-83.03715,42.74977
-82.58739,28.00417
-75.60577,39.95993
-88.99153,40.52477
-96.7349,33.06124
-96.87996,32.92455
-87.80711,41.9855
-82.20352,39.71352
-71.54256,43.22757
-118.3251,34.18216
-85.67263,40.1054
-84.53981,39.13704
-79.85736,36.0904
-80.17241,32.99998
-81.49715,41.3135
-85.76824,37.82224
-77.34906,38.9558
-121.9986,37.97333
-72.85417,41.67368
-68.79541,44.81176
-81.28312,28.78418
-75.3672,40.62528
-83.98686,33.66394
-88.92912,30.42782
-97.71558,26.19637
-83.36972,42.31131
-89.34591,43.24122
-79.82046,43.3814
-89.55297,44.89521
-76.41628,38.35342
-84.19565,39.9665
-85.95897,37.89279
-87.6714,41.68767
-79.89315,40.50674
-111.8584,33.63934
-94.14802,36.33561
-98.6074,29.38342
-74.12008,40.75171
-80.12875,41.87661
-73.67324,40.65735
-96.79305,32.85101
-79.27257,43.62931
-122.6334,38.24445
-97.86188,27.50059
-94.79405,35.46812
-71.02134,42.25612
-97.01117,32.65568
-80.09023,34.96582
-84.19207,34.03802
-78.85356,42.89623
-122.2795,37.87585
-81.5665,41.51401
-87.63563,41.51232
-105.1233,39.68585
-76.55573,38.99208
-73.84944,40.85035
-74.378,40.53879
-71.07904,41.89953
-96.96148,32.86392
-81.35043,41.16025
-122.5785,47.28631
-76.06995,36.80254
-118.0971,34.09325
-93.3606,44.89522
-79.80938,40.3815
-112.0008,57.66496
-81.95078,33.52983
-80.65759,41.01594
-92.34232,34.72189
-81.34679,28.65116
-81.68351,41.11326
-84.66841,39.1659
-74.15395,40.57238
-80.18247,25.96058
-74.06379,40.77849
-75.3207,39.89962
-92.91499,42.03734
-92.57745,40.19493
-80.61974,35.4882
-73.9707,42.78734
-122.3134,47.38575
-81.41574,30.3429
-88.0082,44.52317
-82.34227,34.79594
-121.9698,37.40316
-84.16687,33.72269
-82.70115,28.10956
-91.40101,30.93734
-80.72703,40.36494
-82.01961,41.38246
-82.61342,28.06205
-81.33066,35.72929
-118.2352,34.22888
-117.1971,33.68805
-75.06575,39.87959
-95.10952,43.41187
-118.1321,34.04935
-117.1104,33.59595
-77.55305,39.10184
-76.06167,39.58178
-86.79392,33.54224
-80.34526,27.30076
-93.10565,44.94152
-121.2381,37.81645
-88.32465,36.61235
-97.44517,35.2223
-75.16357,39.95255
-94.80809,38.88662
-81.74351,41.30783
-86.14532,39.58304
-81.82018,41.37
-105.1282,39.82021
-87.77037,41.74544
-81.8646,40.27064
-121.8737,37.33116
-75.18148,39.82988
-74.12323,40.96064
-84.28019,34.07334
-122.1498,47.59786
-81.06856,29.19022
-122.5984,37.99038
-97.13029,33.63437
-83.6018,42.24571
-87.8834,42.58927
-81.37177,28.62573
-85.70272,42.28446
-89.06913,30.42603
-88.03406,40.1184
-87.84525,42.12575
-80.6559,40.60098
-84.8694,39.10306
-97.151,32.96065
-86.34023,39.60114
-88.02554,43.06754
-77.90465,40.80284
-80.23063,26.20479
-71.06096,42.17113
-90.24782,38.65377
-71.24207,42.39445
-77.15365,39.14537
-79.85211,40.37285
-100.1961,25.6766
-97.93519,29.89561
-117.7752,33.54767
-90.59744,41.53794
-83.5042,42.65553
-74.26616,40.66523
-81.10962,32.01728
-94.67509,38.93155
-74.71693,40.8408
-87.32217,36.55098
-91.50972,44.81952
-92.72385,44.97487
-73.48317,40.75045
-84.15638,33.73804
-71.2765,42.89124
-75.09108,40.08059
-83.39978,33.95638
-97.15268,49.85381
-77.85811,40.78354
-97.81364,30.50596
-118.08,33.99392
-81.21549,37.25831
-71.56617,44.00123
-84.16379,39.08235
-77.15222,38.76887
-79.15155,40.62132
-97.95934,30.30837
-78.34207,35.51251
-86.58477,30.75044
-74.03226,40.74638
-80.14917,26.15037
-97.0802,36.12969
-119.7825,36.78604
-84.26617,30.47622
-78.6137,35.69031
-102.009,33.51973
-83.02775,36.40288
-88.16132,41.7485
-131.6542,55.34819
-93.02128,34.48653
-73.5541,41.09833
-73.35027,42.90017
-94.7902,39.00843
-81.51675,41.08088
-75.09879,39.60901
-111.6345,33.24237
-92.43084,35.07311
-79.58694,40.5711
-74.48616,42.68101
-85.06902,33.58008
-72.75023,41.76232
-117.58,33.97934
-80.13499,26.37398
-74.15065,41.06832
-116.9795,33.78492
-77.49317,37.52988
-111.4982,28.96986
-93.41713,37.60795
-106.6819,35.01151
-81.46662,41.60612
-85.39135,40.19724
-82.16087,29.12022
-79.02602,35.91944
-96.42681,32.92054
-84.45372,39.16145
-118.4003,33.91665
-80.20672,26.70098
-75.54964,10.39045
-93.99928,44.16514
-75.70378,39.4437
-118.1304,33.93767
-93.13146,35.27858
-77.96018,35.38252
-96.93284,33.17037
-90.06376,29.87681
-87.01055,34.58093
-76.92956,39.10076
-82.6964,39.99416
-88.73766,42.83678
-75.94566,40.33365
-80.12236,26.3012
-122.1494,47.86277
-81.46158,40.79399
-90.50043,30.55192
-84.55006,39.34693
-82.33027,29.67317
-83.07318,40.0266
-122.4511,37.67673
-79.83384,40.47727
-121.2431,38.64957
-87.96729,43.05672
-97.30283,32.521
-88.9122,43.08187
-84.33593,39.06617
-81.46968,28.58664
-97.2571,35.46795
-90.17972,35.1762
-85.51021,36.13953
-76.50886,42.44949
-94.12863,30.08692
-61.21178,10.70048
-117.824,33.81016
-74.11779,40.07612
-71.02677,42.08457
-90.11198,38.74317
-81.51152,41.16525
-84.21622,40.03875
-76.12881,43.05261
-78.89544,35.99098
-90.22422,15.77247
-78.83702,35.75619
-86.45649,30.39818
-74.31502,40.38456
-79.74152,39.89568
-89.00026,42.43722
-93.77475,41.56426
-104.9802,39.8948
-85.19393,34.26675
-82.56701,35.53907
-96.69656,40.80324
-96.61846,33.01807
-122.6587,49.09914
-117.3976,33.93582
-70.96009,41.60626
-75.78093,40.52006
-83.76737,34.09246
-82.51179,28.0591
-117.882,34.08754
-73.70959,45.60557
-123.2793,44.56925
-81.81818,27.89901
-116.238,43.59803
-76.44497,39.38772
-73.44094,41.15628
-82.23682,36.32696
-95.63169,29.60346
-121.9513,49.13731
-70.85809,42.56629
-91.49499,43.63432
-122.5946,45.38823
-82.97638,38.75682
-114.3304,48.20744
-77.35737,37.62331
-74.10871,40.85264
-97.15001,44.9137
-115.0383,36.00626
-75.80014,45.24879
-90.17863,30.00124
-86.74116,33.4513
-83.57467,41.65659
-90.69684,35.82863
-81.98683,26.63648
-90.37352,40.94313
-123.1308,49.17424
-92.45309,42.51616
-123.1224,44.06562
-73.67289,40.66898
-118.5033,34.41563
-88.33612,41.69051
-74.18803,40.00134
-121.4394,38.41043
-91.81175,29.99347
-97.13545,37.69681
-87.84893,41.49933
-83.18478,41.11478
-81.57118,28.6056
-122.6994,38.34345
-121.3496,38.68679
-87.92628,41.7964
-89.01403,42.55304
-88.31045,42.03994
-88.03047,42.34686
-121.3004,37.98083
-84.48163,42.74672
-76.41747,40.09077
-88.1015,41.953
-118.1567,33.80917
-88.14251,41.51956
-75.17885,41.00399
-117.0723,33.12036
-80.65129,35.19675
-79.24903,37.33112
-119.1977,36.30927
-87.98548,42.09566
-118.3996,34.0825
-82.58284,28.11471
-89.53196,32.73896
-82.6729,27.79572
-77.68854,43.25145
-86.15314,41.67454
-73.92614,41.09382
-80.14865,26.46885
-75.62504,45.48274
-74.52715,40.92462
-115.2344,36.0188
-86.92998,40.45908
-81.53874,39.32236
-97.67273,30.51934
-72.80198,41.53723
-121.9678,37.37099
-81.81219,26.23236
-122.4231,37.6588
-78.16936,39.16789
-92.02635,34.9827
-90.28641,38.52164
-80.43532,25.63305
-118.2924,33.82208
-88.20033,40.11509
-76.79722,39.42199
-122.5356,47.64761
-109.3318,33.0522
-92.04925,31.0618
-86.68755,33.43596
-76.93963,36.6781
-122.0618,47.67881
-81.63734,30.32391
-80.55454,37.11802
-97.06556,47.9075
-86.83064,33.22077
-92.43677,38.30456
-118.1633,34.68583
-71.60922,42.26511
-89.05398,42.44301
-76.62547,40.29645
-83.12787,40.58373
-85.63731,38.24903
-81.18212,35.23951
-88.02837,42.05622
-87.99835,42.93739
-82.43983,38.40766
-88.15183,42.07228
-88.82169,33.4565
-75.37104,39.90046
-89.81327,38.51827
-97.6673,27.79012
-87.24621,41.42394
-78.51534,35.95902
-95.12214,29.381
-83.14804,42.579
-73.91791,41.11616
-87.38205,39.45764
-77.47054,39.72747
-117.73,33.56074
-82.78135,28.02942
-87.34698,20.58453
-85.50071,42.91315
-87.16147,40.91378
-85.93393,39.76265
-66.66658,45.94546
-75.07272,39.75166
-111.9072,40.89974
-71.15939,42.48953
-88.44206,42.31071
-74.26299,40.79136
-87.77886,41.7054
-76.60793,39.22008
-114.0879,51.02766
-90.00779,34.94218
-94.56159,39.20444
-74.34627,40.65338
-117.6619,34.11965
-122.1623,37.70504
-122.3617,47.16936
-80.70923,35.12724
-81.36686,28.60672
-87.03166,21.04872
-73.72517,41.33377
-86.26259,43.1619
-90.07924,30.40417
-86.76009,33.38555
-82.19453,41.44354
-117.2398,33.18492
-99.16204,30.03869
-96.57459,39.20993
-117.9249,33.88935
-76.43574,39.30019
-84.0925,39.86424
-76.84151,40.28953
-83.13928,40.12527
-72.33959,40.99832
-81.32896,38.17623
-90.33188,38.66471
-85.65121,38.24171
-82.44859,28.13173
-79.83732,32.84795
-84.61784,39.19983
-97.20378,38.34894
-119.0291,36.07478
-71.37801,41.87725
-74.99299,39.94988
-122.077,37.95382
-115.1352,36.06096
-84.45702,39.24289
-90.41485,41.51063
-104.8376,23.95416
-74.80813,40.27104
-96.05343,41.27572
-90.51397,36.04654
-120.5834,44.14544
-82.91454,40.14899
-121.7563,38.67502
-119.6362,36.8308
-121.2437,36.32357
-75.46678,40.65248
-79.75433,36.50482
-79.30089,36.08784
-111.7376,33.40575
-121.4415,38.69939
-76.70437,39.38574
-116.5696,43.57891
-87.79815,41.56597
-82.32862,28.84409
-106.6327,35.117
-121.9145,37.71553
-87.87505,42.24016
-79.9017,40.05504
-104.7609,39.52353
-96.93366,35.34754
-124.2987,49.32098
-87.6992,42.04544
-93.58801,42.18653
-98.52006,33.92642
-88.86153,42.2527
-122.0434,37.31308
-76.93449,38.99697
-118.222,33.88497
-117.0227,38.50215
-83.63823,41.7412
-81.71881,30.09416
-88.22306,41.62396
-88.02183,42.26363
-72.54763,41.68679
-122.0966,47.57896
-104.7871,41.13528
-71.06767,42.50129
-106.6243,35.2393
-71.36345,42.37057
-75.5179,39.15919
-79.173,35.7251
-79.06293,38.15576
-94.88518,47.4863
-81.58121,26.29287
-93.36207,45.03606
-83.79591,32.09037
-83.7278,36.61592
-122.0858,37.64127
-75.38646,39.14502
-83.99691,33.85451
-76.90042,40.22626
-80.08421,26.61703
-117.9987,33.69254
-122.8203,42.27828
-90.58768,41.46442
-75.21843,40.68582
-78.84154,35.65389
-94.26754,46.34531
-77.59794,35.27548
-87.84659,41.82395
-122.2287,37.79199
-97.65479,31.05338
-105.2427,40.02398
-90.6006,38.75784
-78.97621,33.76614
-82.69406,28.01347
-81.19485,34.10902
-82.53446,27.409
-82.38821,36.34474
-70.94779,42.19937
-64.80062,46.11453
-98.24567,26.24069
-98.40753,40.60376
-75.57577,40.99449
-90.32921,38.45172
-85.24256,35.09195
-91.58697,42.03836
-81.67343,41.31043
-97.38614,32.56774
-117.1725,32.6501
-81.61792,41.31417
-81.97271,28.0496
-84.54156,33.58826
-122.1228,37.89474
-86.59786,33.62989
-78.83391,35.83384
-79.56579,43.8371
-87.91629,42.43248
-81.9403,34.94996
-77.06617,39.05898
-75.17714,39.96339
-103.6593,41.23457
-117.5819,47.48953
-86.32149,36.20754
-78.92447,33.73244
-71.46397,41.76894
-81.52185,41.44062
-98.12325,29.70561
-87.84856,42.71178
-118.1131,33.84465
-76.86598,38.85276
-74.72796,40.13226
-119.8551,34.42164
-88.24495,43.066
-122.7654,47.03942
-88.39344,44.27824
-79.78031,34.18266
-80.26352,26.12451
-73.63816,40.66862
-88.75371,41.92781
-75.09333,39.88091
-84.10465,33.71274
-87.93785,42.37778
-88.44739,43.76255
-98.9805,32.38811
-73.0807,40.86845
-97.44151,35.44972
-70.89124,43.1871
-115.3353,36.12096
-97.46364,35.32747
-118.3512,33.83371
-118.0687,33.86697
-118.3773,33.85467
-83.71328,42.20091
-104.6932,38.70521
-83.15277,42.66664
-97.07965,32.93183
-117.7957,33.76351
-74.24241,40.94835
-94.9766,29.76795
-79.00211,35.05463
-76.2959,36.76322
-82.91458,42.5849
-80.24977,26.27026
-71.44408,42.9712
-74.64873,39.44749
-87.94167,41.96209
-85.82058,33.59594
-88.33057,41.88046
-86.10794,40.73409
-84.41491,39.33522
-74.10637,40.67078
-104.9859,39.75978
-122.1702,37.42504
-82.44716,28.21912
-77.33578,38.79246
-73.70512,42.77274
-93.60637,41.57644
-83.01963,42.627
-90.94573,30.28505
-84.4445,39.14551
-96.98279,32.95826
-98.67573,35.53806
-116.8914,32.7252
-86.56636,30.44183
-96.99183,33.04244
-96.15995,31.71958
-84.5579,42.71205
-77.58224,37.65445
-75.49326,40.68578
-88.04,41.79158
-122.2963,47.11929
-87.87851,30.53647
-80.9977,35.0477
-95.79198,44.4524
-84.63322,37.07357
-104.8976,39.58773
-80.17788,26.27069
-119.0573,35.33097
-73.47298,41.40812
-73.07013,40.79844
-118.3565,33.88779
-120.4196,34.93237
-85.82279,38.32375
-82.92944,34.3472
-94.29435,35.30438
-74.2712,40.52146
-118.409,34.00601
-72.9571,41.27317
-81.50491,31.21449
-82.47658,27.40875
-79.18347,34.68499
-74.16781,40.91505
-90.51768,38.79305
-117.7824,33.68973
-92.01241,30.08873
-74.09104,40.82119
-122.2885,47.75517
-82.23942,34.93868
-113.4926,53.55582
-81.39476,30.1932
-75.0446,42.45573
-77.09087,38.81738
-76.36228,37.0509
-85.10969,35.01605
-96.62163,32.90764
-95.19268,29.97267
-82.27785,34.71915
-88.33819,44.26788
-78.7484,42.90721
-88.11325,41.85174
-78.49915,35.78842
-70.75688,41.70866
-74.63284,40.50158
-100.4531,31.44052
-82.01499,38.42984
-95.53813,30.33751
-118.4478,33.97524
-84.85688,35.11224
-80.72669,41.15497
-80.22853,25.94387
-96.78473,44.29186
-91.20912,43.80564
-93.70117,32.03603
-97.97378,29.57439
-71.50412,42.75297
-95.06538,29.45661
-73.15096,40.84487
-121.9795,37.52364
-70.95349,42.57659
-86.85118,35.93502
-82.57367,27.47397
-75.81447,42.05057
-85.64114,42.95641
-74.8936,40.08953
-117.9056,33.66361
-122.2318,47.95995
-96.67277,33.11232
-87.94624,42.1701
-111.6351,35.18275
-122.2965,47.44258
-121.7165,37.93139
-88.0317,42.41543
-118.194,33.93805
-94.47119,37.13816
-93.19772,30.20277
-96.91305,32.64712
-122.0238,37.3784
-84.34034,34.04121
-75.70558,41.36092
-81.35057,41.59204
-115.0611,36.18475
-87.50297,41.55202
-85.70879,42.89788
-84.19433,33.73121
-76.25569,36.89508
-121.2871,38.69323
-94.64931,31.61394
-72.61804,41.76206
-101.7136,39.3425
-122.2956,37.83855
-78.76463,43.00912
-74.21,40.8249
-84.46108,39.4816
-93.27897,44.87629
-117.8648,33.92665
-122.4553,47.24296
-118.3573,33.93824
-83.01273,40.11407
-84.16895,33.8046
-86.94058,34.44381
-83.87605,42.62348
-85.77928,42.23186
-102.558,23.62542
-122.2329,37.49729
-98.06267,30.6451
-89.06099,39.38393
-75.05221,39.86955
-88.21806,41.90289
-84.41692,42.75956
-86.52021,36.22171
-80.63954,41.10527
-113.1211,53.62397
-82.81524,34.69392
-94.34845,32.5316
-116.9479,47.7189
-85.72487,42.98746
-122.8718,45.49133
-94.37823,38.91609
-117.0225,32.63377
-81.28081,28.22045
-76.58572,40.79682
-75.27528,39.95528
-71.47107,41.43124
-83.43724,36.01353
-84.16724,33.72296
-71.01287,42.46744
-77.01785,39.00835
-87.20466,30.45479
-85.69184,42.21588
-121.1206,37.74114
-122.467,47.21875
-92.17781,38.5526
-83.62128,42.654
-85.3855,32.6364
-81.31324,29.84444
-85.54674,42.12363
-93.23732,44.67938
-96.83366,43.45349
-106.7374,32.3423
-86.48443,41.45367
-97.6301,26.12254
-87.87135,41.81748
-122.2564,38.03583
-86.54161,35.95433
-93.38986,41.93823
-122.589,45.63059
-114.382,53.51019
-119.0376,35.42927
-95.27599,29.42482
-85.56987,42.19797
-122.3455,47.61426
-85.92143,8.251584
-97.96687,26.12787
-86.15166,42.81394
-80.81724,41.23533
-80.33909,25.72023
-77.81165,35.97228
-93.49034,44.77873
-94.82278,29.28758
-95.25953,29.99318
-90.47253,42.73969
-73.91577,41.73182
-77.23186,39.8298
-86.5851,36.30743
-81.80776,26.36136
-122.0814,37.39685
-122.1747,37.46192
-77.26434,39.17011
-81.40485,30.27988
-84.23727,43.63585
-74.04173,40.84377
-121.8777,37.66295
-112.425,33.41287
-83.89789,33.83515
-85.56569,42.29052
-88.10603,41.68334
-121.3821,38.42153
-117.7218,33.97252
-95.58462,29.89357
-96.34778,30.66586
-93.46488,45.10853
-81.22001,28.90459
-84.2734,33.70343
-89.73834,39.57623
-69.9918,41.68807
-118.4804,34.02269
-94.09726,33.43073
-121.6902,37.99401
-86.33691,41.93789
-97.90781,38.06614
-82.43746,27.52087
-93.4611,44.93494
-75.01076,39.48511
-84.50307,34.11078
-74.15617,40.95898
-75.49877,40.99759
-86.57313,36.72973
-86.2419,43.23297
-103.6452,41.86619
-90.36405,29.96247
-76.48858,39.26449
-74.22274,40.87608
-84.47039,33.63128
-114.0633,50.61596
-84.18738,33.72767
-78.19053,43.00153
-95.11855,29.79368
-86.87621,30.42439
-82.80955,40.0832
-80.86594,35.78895
-86.61141,34.70603
-75.38425,40.13208
-90.25335,30.00935
-96.43949,32.73725
-78.82222,43.83099
-80.28519,26.07817
-101.9164,34.98903
-75.09971,39.93749
-74.55605,40.89254
-84.16911,33.73885
-73.39211,40.67462
-89.16431,30.35747
-83.99673,34.11808
-73.55287,40.65244
-76.4494,39.22811
-105.0722,39.94725
-74.65413,40.14202
-81.29166,29.01706
-95.60406,45.31576
-118.436,34.28899
-83.00209,42.29507
-83.7086,42.8446
-80.36287,25.60502
-84.23552,32.07672
-122.1713,47.23172
-90.47938,30.48205
-85.72566,41.41711
-79.52223,37.33583
-74.06707,40.82872
-93.74597,38.7542
-97.61718,38.82702
-84.66144,38.93001
-80.42886,37.22929
-96.54444,32.92426
-82.06319,33.44072
-97.68412,30.65751
-87.49336,36.84847
-90.37722,38.67339
-97.73644,30.50908
-117.5857,33.85909
-75.96541,41.33106
-77.32386,34.74858
-72.10272,41.54929
-90.91496,30.46356
-85.42501,31.23222
-80.36066,25.62076
-98.32126,29.59081
-88.2643,40.05403
-80.63347,35.08383
-76.41296,39.34658
-84.56021,39.04604
-77.58889,37.59956
-85.58794,38.04369
-73.32853,40.69442
-77.23453,38.78831
-80.12262,26.7219
-96.99483,32.76859
-81.65789,36.21509
-81.65941,35.10357
-101.2679,48.23281
-98.34978,40.93108
-76.07108,43.07511
-93.87568,39.17445
-78.48745,38.04004
-123.3584,48.42673
-81.24879,42.94884
-96.95966,32.59526
-104.9238,39.62028
-87.38397,37.99464
-75.34057,39.7311
-98.18965,26.1679
-76.31882,42.99139
-76.43734,38.25977
-80.30466,25.85773
-93.78512,41.68401
-81.62281,41.12282
-74.48516,40.78595
-75.70172,40.00874
-94.77458,38.95434
-91.38783,33.62646
-94.27912,39.01486
-71.10345,42.11858
-87.6878,44.0956
-80.40172,26.10336
-81.83297,41.40351
-89.81488,35.23049
-81.71103,38.33992
-111.8666,40.40707
-76.14736,43.04813
-74.79228,40.09914
-83.65408,32.84882
-75.28461,39.92495
-78.93393,34.95229
-98.23066,29.57971
-74.9546,39.93305
-72.08969,41.61588
-85.60812,30.16858
-80.23036,26.16486
-78.85508,35.7232
-82.81882,27.91872
-82.94429,42.46523
-73.58427,40.64899
-96.5426,33.01846
-84.91731,32.4823
-97.47743,25.97211
-87.85711,41.66384
-72.10812,41.345
-97.50896,25.9638
-82.3504,26.96313
-89.37783,30.28709
-75.51012,42.53404
-74.07433,40.81348
-83.34512,42.32539
-80.82939,28.58473
-81.93447,40.81569
-84.65645,38.98926
-83.26585,42.57507
-81.68966,29.9878
-97.09451,32.84624
-93.35964,44.99171
-87.47881,41.63819
-94.21602,30.25092
-80.22733,26.38973
-118.0637,33.92893
-90.67421,40.45953
-122.3432,47.75587
-81.34173,28.60019
-74.74971,40.30575
-119.3403,36.19569
-99.08179,19.23624
-76.59249,40.30925
-77.07962,39.09043
-97.60702,30.46044
-96.18723,38.41135
-77.46667,43.1598
-75.12367,39.81514
-122.1645,48.08876
-80.04594,32.91442
-122.8056,45.48489
-72.92916,41.29839
-83.14078,42.46088
-93.15692,45.01409
-81.26794,32.09948
-111.5325,32.97526
-74.69694,40.14872
-117.4942,47.03967
-74.65184,39.52041
-84.68389,33.86507
-77.62736,38.79222
-111.5886,40.75112
-123.029,44.93508
-80.09318,26.45615
-75.17262,39.96839
-86.39183,39.76722
-71.47827,41.57736
-71.11439,42.04457
-77.58282,39.75169
-119.229,34.28969
-98.01044,46.91535
-122.4791,37.6161
-84.59407,39.0877
-74.60183,39.3172
-93.16662,44.81848
-90.9786,36.04232
-82.57,34.83374
-83.06245,39.98417
-84.71416,33.73631
-112.3794,33.64665
-77.47711,39.03116
-119.0252,35.3469
-81.5135,36.83603
-72.92092,41.39347
-76.47278,39.35469
-82.25553,27.8755
-122.2668,37.55467
-79.0153,35.27819
-73.74316,40.9507
-84.31644,34.13461
-76.68915,39.06128
-79.75959,43.72497
-88.57925,40.03792
-84.27183,39.25121
-81.14504,34.05026
-80.20726,25.94445
-81.10085,33.99202
-120.9875,37.66382
-82.88153,34.6923
-117.8967,34.04718
-77.86198,34.2692
-97.75138,28.40995
-105.0639,40.56419
-81.82318,26.62215
-117.5987,47.64874
-93.61153,41.73295
-83.37718,42.48428
-120.777,38.35307
-88.34207,41.9811
-84.57726,39.01769
-76.59394,24.07497
-111.0323,32.34271
-78.7386,35.40974
-83.87678,34.22362
-80.25125,26.29935
-81.18258,32.09121
-80.64982,35.06432
-82.0953,33.52632
-80.19198,35.37752
-118.0489,34.16833
-81.10331,35.26998
-87.82413,42.73864
-77.46904,38.33369
-76.61518,39.39635
-93.19423,43.1479
-74.08707,40.16641
-81.7334,30.17221
-122.4303,48.75335
-79.22967,42.98303
-78.96075,33.71826
-74.46648,40.55177
-73.19912,41.18567
-80.69088,40.08326
-83.38173,41.60749
-83.12816,42.2745
-93.80943,32.46111
-77.78861,43.29228
-87.57469,38.00347
-81.45346,41.51698
-74.20716,39.7868
-73.59886,40.73023
-94.96799,29.38005
-85.12727,41.3379
-73.49392,41.29354
-81.01478,34.91557
-111.861,40.57246
-80.6917,35.31371
-94.92707,29.32197
-77.40323,35.53445
-108.1934,36.75742
-81.19728,28.58845
-104.6228,38.26955
-83.81746,34.11132
-98.71308,29.55018
-89.23705,48.40233
-88.56534,44.03328
-70.46796,41.71765
-83.6412,32.58263
-75.20022,39.9962
-81.05751,41.79197
-104.5365,33.36634
-95.53985,30.18125
-84.35244,33.94346
-78.7713,35.61547
-97.11678,32.57355
-83.03057,42.58131
-87.59269,33.2707
-70.90752,42.51505
-71.81244,42.27576
-74.31807,40.62176
-117.0176,32.76969
-117.035,32.98529
-73.82938,40.9125
-74.24293,39.55965
-82.80804,39.83817
-118.7671,34.19081
-81.53636,41.49513
-74.1873,40.80851
-82.48404,34.71989
-78.28885,35.53654
-90.46931,41.55781
-82.59441,30.18361
-122.2785,37.7588
-81.34727,34.12649
-80.74823,34.945
-100.0105,37.75869
-81.26363,34.10092
-81.53981,35.90389
-71.14864,41.6861
-92.0767,32.52124
-93.08629,31.76224
-122.8992,45.53433
-118.3696,34.08701
-84.59232,39.06293
-87.96612,41.51095
-74.09366,45.40085
-74.41949,40.81741
-87.32773,41.58585
-94.35926,41.05887
-84.04927,41.90083
-118.2422,33.9664
-118.0072,33.9009
-84.25614,39.62994
-87.48135,41.67325
-84.47002,39.06424
-121.7032,36.81266
-87.68432,41.53983
-117.4284,47.74522
-87.94228,41.88972
-80.29489,26.15662
-81.92158,41.44459
-88.04925,42.11513
-85.69593,37.99952
-73.47531,40.72309
-122.5511,45.41013
-111.4044,40.502
-122.2297,37.82257
-76.32438,39.5031
-71.95698,42.88726
-77.24121,39.05604
-77.41796,43.08834
-71.42721,42.15552
-73.82302,41.75869
-115.1679,36.10756
-120.5298,46.59422
-82.46648,42.98774
-120.4718,37.31622
-71.55884,43.01594
-83.48286,42.54214
-80.13773,40.4574
-80.65182,27.98695
-95.69073,39.03758
-96.39715,42.47395
-80.81505,35.481
-85.64229,38.24143
-79.78704,34.25584
-76.54099,39.13849
-97.7858,30.14099
-122.6539,47.10649
-93.51255,44.96673
-81.33947,41.24759
-77.52983,43.07557
-80.17839,26.03968
-82.93592,42.50977
-94.49823,37.09652
-93.30134,44.82447
-111.9974,40.6787
-77.72899,39.63446
-93.20244,44.74667
-82.00522,35.6924
-76.5582,38.92771
-82.00723,29.1137
-111.9474,40.65694
-97.61672,35.52791
-80.11002,33.01233
-77.64194,43.05704
-99.82506,28.68852
-74.91528,40.15535
-88.32866,42.86594
-97.78084,31.13278
-75.22699,43.11968
-63.13523,46.26172
-81.80058,32.44051
-79.88879,44.29473
-89.77276,39.50603
-78.61455,42.75785
-87.55281,41.56736
-75.01614,39.83024
-111.9675,41.08254
-95.39514,29.02633
-97.76057,32.44959
-79.91352,43.2607
-77.1185,38.98134
-97.35762,35.47036
-87.04335,30.40512
-121.8251,36.62581
-105.9991,35.65655
-112.544,33.43562
-96.14889,41.16547
-87.84319,30.62994
-114.0311,46.8791
-82.40231,36.15379
-73.97838,40.82449
-88.01527,41.59775
-79.61172,44.11309
-102.3272,21.84946
-89.65969,39.77435
-81.05222,32.01838
-74.47307,40.4457
-96.83957,32.40558
-117.0094,33.93597
-73.91419,41.02457
-84.28468,39.3134
-84.25646,36.01801
-97.4821,31.07745
-81.00941,29.16705
-87.79831,42.79575
-101.7018,34.18873
-95.50893,29.57428
-78.92568,39.65483
-76.70325,37.27899
-82.43236,28.07686
-82.8483,36.14116
-91.06646,30.38788
-77.31092,38.68522
-118.0189,33.97592
-82.46694,35.28045
-75.30269,40.07837
-95.90882,45.58584
-95.63992,29.14637
-77.20793,39.1361
-85.95005,39.96376
-70.96685,42.47874
-78.83855,38.39632
-79.94545,40.52106
-94.37031,35.35725
-95.44531,32.48954
-81.2878,28.93019
-76.51772,39.36055
-121.8962,37.43147
-82.60938,41.24143
-78.24229,40.67604
-75.07489,39.91583
-97.64115,35.51249
-97.02479,33.12692
-94.18491,45.53072
-120.8625,37.4996
-100.9621,35.55075
-89.43555,40.70613
-93.65982,45.24375
-84.0107,9.632359
-84.61239,34.01108
-87.04735,35.63681
-87.80776,41.73702
-78.85005,42.74303
-81.4197,41.09796
-121.2536,38.17381
-79.92377,40.4942
-76.51079,38.96997
-71.05432,42.45741
-93.34076,45.1081
-90.15802,32.23099
-95.7546,41.04469
-114.4191,32.66067
-77.1631,39.08705
-78.03282,34.23967
-80.64606,40.36363
-95.40097,30.12486
-74.27919,40.00835
-77.08575,35.1202
-94.52617,45.12861
-91.13081,40.81094
-72.88157,41.59901
-77.93136,35.73868
-82.50335,27.97599
-105.1304,39.99065
-83.06773,39.84947
-80.34704,25.56832
-72.68097,41.76562
-87.07638,41.54696
-106.7534,34.80774
-94.82769,39.75833
-112.0886,33.83485
-76.11643,39.54784
-82.65367,42.28175
-80.16772,26.0624
-103.0934,31.85421
-122.3336,47.68195
-113.6213,49.90819
-80.87631,40.07836
-82.74685,28.08586
-82.40498,27.06824
-88.60298,42.24692
-97.24335,32.76074
-75.32571,40.6471
-122.1993,48.14496
-83.73246,41.5017
-73.00577,40.87938
-87.65105,34.83429
-81.4701,41.63536
-74.70195,39.21553
-91.63667,44.03869
-108.5746,39.09175
-118.1252,34.58363
-83.12141,42.68909
-73.41558,40.73375
-89.22321,37.71765
-80.13865,26.2519
-92.48682,31.29328
-90.05597,29.91216
-95.85084,32.19681
-121.7964,37.98566
-83.1173,41.36649
-73.8813,42.6835
-111.817,41.72223
-86.04685,39.88052
-83.15775,42.50722
-74.08832,40.85269
-97.22136,32.9396
-95.75086,29.57257
-95.82455,29.784
-117.3174,33.32041
-94.73134,32.50328
-87.66519,41.55894
-112.4348,42.86352
-81.07159,41.45461
-79.9297,40.65029
-71.35433,42.28558
-90.03095,29.87315
-70.8866,42.21605
-82.8646,40.24393
-111.547,39.49976
-121.834,38.44754
-88.09436,44.47784
-95.67934,29.67972
-96.60581,33.6401
-81.43403,26.42176
-85.25682,40.18552
-94.43452,39.23967
-122.1757,47.40694
-82.80247,40.0204
-80.96881,34.04021
-93.95057,29.96822
-88.39324,34.2576
-87.73671,41.67098
-86.66954,33.64782
-87.07523,41.61781
-81.5417,39.25625
-84.06611,34.04897
-81.54258,41.36427
-79.99536,35.99505
-82.17019,27.06903
-83.48389,36.12625
-117.9937,33.74731
-90.07788,29.85624
-81.18507,28.52914
-74.15698,41.41318
-81.03783,35.22641
-118.0353,34.07087
-75.7561,39.67909
-122.4105,37.79927
-71.41677,41.95586
-97.06685,33.13993
-95.27832,30.18232
-102.3441,31.87384
-83.07464,31.03634
-97.59384,33.22604
-98.46434,45.46154
-96.86379,32.60415
-83.71225,41.69304
-75.09039,39.8658
-121.2804,38.57952
-122.4368,37.6213
-80.02511,40.52119
-80.24013,43.5342
-81.73481,41.38492
-75.07547,39.85194
-92.92705,32.55018
-81.6028,41.41319
-122.8409,45.54106
-75.27161,39.98622
-98.07264,27.74907
-89.53377,34.35467
-89.53149,20.91511
-77.81712,40.82583
-122.2059,47.7735
-93.04499,44.96383
-74.15813,40.85983
-73.02053,40.76242
-86.08781,42.81969
-74.06304,40.98579
-93.85288,41.59541
-89.04155,36.4253
-85.4805,38.26164
-116.3997,43.61207
-73.63941,41.05022
-78.42358,41.02311
-78.68883,33.82451
-91.91121,32.7767
-81.54733,28.48071
-71.12207,42.18146
-77.28995,38.56785
-84.77218,43.59385
-84.47529,33.65759
-74.12466,40.34609
-95.15894,29.6683
-84.92706,40.82869
-84.45394,39.08133
-118.7314,34.26731
-98.23933,27.76031
-80.69097,35.09228
-73.6871,42.72794
-85.18247,32.80448
-81.18793,28.65751
-90.5069,43.9954
-73.86395,42.80739
-76.9084,38.75032
-72.31221,41.33769
-102.1046,31.9943
-95.43279,29.71576
-78.39522,37.29779
-81.47325,41.44333
-111.8729,40.49839
-107.5546,43.00032
-79.08232,42.62866
-97.55164,30.53478
-85.69819,38.33514
-82.6359,35.64883
-122.3624,37.94884
-74.75448,39.44159
-71.04197,41.93518
-72.5847,42.24774
-95.01645,29.58305
-93.66638,32.52467
-88.52598,30.42311
-71.31511,41.48436
-83.21356,42.31473
-100.2936,25.64172
-122.0665,37.71578
-75.70124,40.50268
-95.95111,28.98036
-117.9476,33.7101
-82.37273,28.04249
-79.56133,33.45422
-81.34974,28.37433
-111.0829,45.68785
-81.05632,31.9291
-122.408,37.78688
-122.7577,45.48629
-87.66316,41.87336
-84.27028,33.72608
-112.2831,33.61595
-89.39028,31.31636
-75.33708,40.15029
-98.77581,20.10564
-73.18426,40.72617
-76.50145,43.46123
-95.83496,41.24749
-82.76477,39.97482
-94.78524,31.19469
-118.1673,33.80426
-81.8606,35.14438
-84.21297,33.8504
-77.23087,39.09844
-83.17917,42.24621
-85.95069,37.8075
-76.70222,39.45009
-95.54727,30.70609
-84.31115,39.07855
-76.19589,40.63111
-73.86086,40.94457
-90.89005,30.23005
-74.27203,40.13513
-82.96116,34.694
-80.52871,35.65267
-80.09255,40.39118
-116.9524,32.79925
-92.20169,32.53905
-83.90893,43.61728
-87.89499,43.1168
-76.96076,38.99904
-75.01637,39.91282
-95.26331,37.34259
-122.1015,47.3704
-109.764,32.82894
-68.83251,47.67331
-86.39248,39.68991
-82.01759,41.49685
-86.14527,42.83917
-75.67793,40.06121
-82.53307,27.34112
-89.00303,34.25056
-96.96232,33.23343
-79.88334,40.43011
-95.25951,30.10931
-88.09199,44.42972
-77.18787,38.86304
-75.42039,39.86255
-78.96978,42.70433
-80.89449,35.4764
-104.8216,39.57772
-82.11788,34.9187
-83.74251,40.11372
-116.3345,33.70773
-87.92397,42.12494
-93.75715,45.29863
-68.67088,44.87921
-106.261,31.64555
-95.72209,29.63481
-82.04922,39.95392
-82.72654,41.52795
-73.50712,40.6993
-81.95628,35.05897
-70.43896,41.73322
-75.92502,40.33412
-86.81681,33.66655
-121.8168,37.38249
-75.96683,40.30024
-59.53549,13.1893
-86.11901,33.43651
-81.65674,30.32738
-75.88328,40.44484
-99.93125,25.51929
-73.99319,40.94526
-75.34894,40.22872
-117.3191,34.41878
-97.39446,32.36844
-75.30735,39.88596
-118.3972,33.86484
-86.92561,35.72971
-110.0448,46.6798
-74.99732,40.19755
-81.15242,33.97822
-80.45212,25.47945
-94.6143,39.03869
-113.999,53.52717
-76.35102,40.00348
-81.46003,41.15925
-118.1367,34.0856
-97.01874,47.92784
-78.29817,36.09543
-105.1122,40.16593
-87.97114,43.75368
-74.88863,39.70674
-117.5597,33.92991
-122.5068,47.1571
-82.13612,34.97806
-117.1195,33.50102
-84.10978,43.52877
-120.2706,38.01006
-80.29652,43.14573
-87.96737,44.46398
-82.81656,27.83836
-118.0888,45.32294
-90.14786,38.3395
-117.1965,33.56698
-92.96995,43.67551
-84.26908,35.81627
-64.8676,18.33397
-72.05593,41.35629
-74.93434,39.79006
-75.52347,40.1382
-81.11192,34.05734
-80.4632,25.70625
-77.77665,40.90271
-112.4629,40.5925
-97.13976,34.17457
-86.14221,40.47273
-75.90723,43.966
-81.77076,24.56934
-75.63779,40.33312
-99.15337,19.43284
-86.00385,41.44552
-77.32213,43.21698
-88.64304,37.07476
-90.66779,42.06264
-81.19852,35.11206
-94.8181,39.06536
-121.1662,38.77655
-84.49335,35.8615
-82.34725,40.43853
-77.2024,38.89293
-79.0522,33.54781
-83.64536,35.92198
-85.99682,39.8704
-71.31597,41.48717
-76.35035,39.41806
-80.06218,40.271
-75.3239,39.87807
-74.11547,40.10796
-86.29967,39.95743
-82.2089,34.79872
-89.23052,43.19678
-89.21264,42.26492
-73.59182,40.76095
-81.46809,41.55037
-72.8168,41.45658
-75.61771,41.41819
-83.89861,40.88666
-97.13421,32.84493
-109.7663,23.26988
-76.2211,43.16308
-84.62467,41.92227
-101.7726,47.27008
-121.7392,38.55855
-71.53343,42.30161
-80.05329,40.64234
-76.91821,38.80187
-94.98393,29.50798
-94.37833,39.088
-111.8809,33.28245
-82.77576,34.63968
-117.2068,47.63553
-86.99229,33.44859
-111.2395,36.12929
-105.0567,40.03561
-79.08787,43.0539
-105.1409,39.62108
-76.90103,34.90379
-111.8213,40.70759
-83.03436,42.66989
-74.26724,40.69618
-90.34799,38.74686
-75.0577,39.9079
-75.21973,39.447
-77.94353,43.20948
-85.63685,41.79708
-76.72971,39.34822
-88.05365,30.85519
-79.46305,35.73261
-76.95331,34.98035
-104.6409,50.45514
-74.36641,40.6397
-97.14329,32.89191
-81.58965,40.027
-75.3498,39.90177
-84.13399,34.00834
-104.9415,40.46482
-85.58275,38.10764
-100.3653,25.80731
-76.84886,38.92655
-77.27595,18.11541
-117.5957,33.62941
-83.38156,41.96578
-99.6809,41.50073
-81.24419,33.98545
-86.7514,33.15614
-87.67873,33.24475
-92.11231,30.2395
-79.00862,43.17593
-93.78687,30.12704
-95.94092,41.14011
-112.3222,33.60539
-73.36277,40.70508
-85.92236,39.21143
-76.44164,39.53442
-84.59605,33.47197
-117.2879,33.12148
-119.7016,34.42988
-76.85038,38.99878
-89.69268,35.05852
-78.63728,42.83495
-86.84172,33.28136
-122.3369,47.6214
-77.90749,34.14935
-118.4477,34.06193
-74.38697,40.64189
-78.99464,33.67285
-76.85797,39.26967
-79.93296,32.66036
-121.7796,36.67987
-82.55384,39.84358
-122.3154,37.55248
-123.12,49.09826
-71.10372,42.3954
-80.38352,37.1432
-98.42945,26.28432
-86.96449,33.37611
-86.68748,33.69655
-96.10579,33.118
-122.0136,37.85483
-80.30931,40.69405
-80.40743,25.70744
-103.1372,32.76977
-113.4906,37.12372
-82.32172,40.86128
-76.88877,38.86167
-76.57871,38.53393
-71.27864,42.2994
-81.9969,28.92283
-80.22731,26.34603
-71.71362,42.28785
-117.3866,34.0977
-77.07373,39.14709
-74.9107,40.05222
-92.26806,30.68857
-116.2782,33.66805
-78.87128,38.43831
-81.74666,40.27738
-77.35172,38.86328
-76.91354,38.63463
-103.3373,34.17879
-95.39339,29.48466
-77.10683,38.72218
-122.1161,37.99563
-81.59034,28.54612
-76.79645,40.15744
-82.16366,33.53618
-73.80555,41.12042
-99.068,40.6998
-79.0088,43.10179
-122.5159,47.22986
-118.4009,33.88949
-88.0089,42.95929
-95.77529,34.92318
-90.70264,38.77966
-122.5447,47.2151
-79.08679,35.92721
-105.0683,39.89929
-74.3041,40.65632
-99.1879,23.68593
-80.36857,25.74694
-118.3086,33.89104
-82.3247,28.2245
-75.96946,42.12444
-106.3308,42.83026
-80.32969,39.28805
-121.6985,38.17155
-89.90631,38.60596
-122.3291,47.55076
-89.05536,33.12345
-76.91689,39.50115
-85.4784,42.36171
-81.92843,41.35283
-86.24783,41.71955
-97.66237,38.3756
-121.3801,38.67142
-79.8563,36.66221
-95.3269,29.54788
-84.7634,33.88686
-97.10314,33.03008
-74.70864,40.08499
-75.29516,38.58476
-100.2472,44.21251
-85.59906,44.75956
-118.1565,34.11216
-71.59864,42.83828
-83.6339,41.05501
-118.0702,33.97781
-96.99597,37.06341
-111.8705,40.8723
-82.53435,28.48385
-80.14418,26.63371
-81.52048,41.58846
-82.02783,40.0084
-112.0505,41.17889
-80.59477,34.26169
-82.18936,28.23205
-78.6654,43.13096
-87.70482,30.55271
-76.38664,39.48714
-80.50199,41.01125
-74.89176,40.02768
-103.2334,44.07523
-98.12744,27.35646
-76.63412,39.18564
-118.214,33.97893
-97.23138,33.25605
-77.0433,38.92127
-111.5605,33.19824
-95.46403,37.68088
-117.0282,34.89448
-121.4533,38.51051
-84.31813,30.44187
-74.98342,39.78483
-96.39532,32.93691
-80.11525,43.7453
-76.49566,40.11043
-83.29965,36.21055
-98.38052,26.21443
-82.64014,27.51081
-79.77598,40.21994
-96.29978,32.73282
-85.21979,32.83485
-87.55207,41.61315
-93.09872,41.31873
-83.43483,38.18156
-71.35609,41.80375
-80.19641,25.91111
-83.49409,42.48158
-80.12785,40.68978
-117.0007,46.73471
-73.12394,40.90841
-80.88398,35.41035
-81.41922,28.69978
-80.12153,26.84081
-111.1271,32.18023
-84.45325,42.56413
-86.20612,34.26326
-84.43929,42.28463
-102.4707,31.84518
-94.20876,39.01272
-85.22692,42.3083
-74.35979,40.89871
-74.74649,40.87508
-88.27922,40.10748
-80.75942,41.19087
-85.52317,38.30506
-93.30087,37.05247
-77.27776,42.88353
-80.40268,33.93739
-80.89735,35.00221
-122.5957,45.34512
-97.33776,32.85467
-112.0344,43.49892
-122.9175,49.20675
-111.8501,40.64387
-92.63383,32.5369
-85.56034,38.282
-87.1024,37.76514
-84.48294,34.16195
-73.41216,40.70279
-117.3145,34.03238
-83.37335,42.39732
-88.72157,43.1837
-84.688,38.99626
-73.91488,40.86271
-81.02327,29.09234
-76.58621,40.27415
-82.33148,34.93897
-81.61308,41.39078
-77.59418,39.64563
-83.26854,42.22558
-82.07115,29.02149
-84.47073,33.8614
-80.07461,35.86739
-81.07717,34.35161
-81.22313,32.27797
-87.29323,30.5836
-73.98032,45.36729
-81.44739,28.39989
-115.6873,43.1345
-87.90324,41.8044
-82.75534,27.99271
-80.31557,25.62236
-83.16123,42.20939
-96.86431,37.81933
-84.27709,42.69431
-76.36197,39.55728
-94.34719,38.65462
-110.8929,32.30293
-111.6718,40.24865
-74.23051,40.58133
-79.76467,32.8006
-84.40084,39.18735
-75.47757,40.199
-71.14216,42.32324
-72.73739,41.8509
-89.4669,40.62238
-80.28771,40.66708
-83.20786,42.26195
-82.28773,27.83854
-93.48134,41.64529
-121.3322,38.46894
-114.8416,35.97679
-122.2471,47.75155
-75.04512,43.00588
-87.69321,39.61223
-73.21014,40.82387
-91.90436,39.16201
-99.18213,19.48578
-75.02864,39.78953
-83.72561,42.99446
-77.42516,38.87871
-77.17176,39.19405
-83.28648,42.09466
-105.0297,39.80755
-80.20153,26.16838
-90.14312,32.18713
-77.48703,38.74836
-97.65123,30.46127
-82.00011,34.9938
-92.74749,38.96125
-82.67238,38.45266
-114.1824,48.36756
-80.33466,41.00426
-71.51566,41.82867
-122.2671,49.087
-82.77283,27.90426
-87.74797,43.74856
-103.8517,49.66457
-81.49876,28.65397
-80.67607,34.99562
-89.99011,38.69438
-84.48538,33.9045
-80.07829,40.70827
-85.51525,42.81897
-83.49096,42.41913
-91.44313,31.56579
-74.48537,40.89212
-73.70536,40.72508
-74.24425,40.37473
-118.1362,34.19381
-74.67868,41.02161
-75.31405,40.74084
-90.32113,32.33641
-117.1736,34.05287
-103.2331,25.24422
-93.34241,30.23058
-98.25874,29.58468
-98.66089,36.79765
-91.61847,41.75482
-85.01447,41.6287
-122.6041,47.37373
-77.42916,37.24462
-73.97772,40.7056
-106.4043,31.81058
-90.11265,38.61211
-90.10418,29.6877
-84.07139,34.05086
-89.33804,31.31064
-71.43667,41.69894
-80.76019,34.72884
-100.6071,28.77477
-76.55116,39.38682
-121.1359,37.48521
-115.2292,31.78967
-111.9487,41.17221
-76.02787,42.05689
-122.7919,45.42487
-85.43158,38.25482
-119.1654,34.18196
-77.01957,35.05398
-118.2481,33.83961
-88.76385,40.34012
-77.50496,37.61058
-74.17391,40.9383
-82.74287,27.72057
-73.29601,40.71288
-76.62752,39.49395
-121.4072,36.84557
-81.14729,41.7505
-73.99355,40.29436
-106.8196,32.3758
-83.17923,33.57432
-82.78188,34.72147
-118.0482,34.04625
-73.27997,40.84198
-90.58125,38.65169
-90.33429,38.62994
-80.17767,25.90561
-80.36915,25.82564
-98.27476,29.86751
-91.91363,42.66868
-82.5584,28.19387
-85.70549,32.42336
-72.57024,42.17135
-81.06878,35.11013
-101.2501,21.0255
-83.6919,32.47066
-77.14361,38.86619
-76.93614,40.28534
-81.9582,42.16399
-95.05712,29.66581
-73.07029,41.34345
-77.43851,38.84116
-123.3496,39.4009
-96.56223,33.74088
-84.53302,42.64055
-79.6704,41.62854
-86.00683,34.00312
-79.08959,33.84237
-75.38874,39.92096
-117.9752,34.094
-84.86635,35.19334
-74.4411,40.48819
-84.43929,39.40231
-83.38823,42.75975
-75.27883,40.24216
-80.29185,27.16549
-105.0749,40.40937
-83.26906,42.66468
-77.10744,38.78523
-80.0875,41.16
-124.1695,40.78262
-85.607,41.95255
-86.01165,40.0503
-84.36296,41.28402
-87.94649,42.23503
-122.2703,37.49794
-71.05486,42.42869
-80.12507,25.92906
-83.14339,40.04081
-88.8562,30.47778
-96.47881,31.68285
-82.89425,42.49582
-80.76116,41.09747
-68.42222,44.53325
-77.55614,38.92588
-85.62905,42.31269
-88.09118,42.03234
-74.61224,39.38977
-81.50758,41.39858
-99.30558,19.3187
-104.9498,39.90547
-90.32933,38.79944
-80.4764,43.43024
-71.32686,42.63625
-78.75271,43.08035
-82.81724,42.58585
-72.24999,43.64288
-122.0351,47.60812
-71.29416,41.93928
-75.64454,40.25031
-77.04282,38.90563
-121.9416,37.75823
-96.89174,33.07901
-122.3578,47.81862
-74.59003,41.11153
-84.36153,39.5061
-81.83414,41.31303
-84.37583,39.20834
-97.4655,37.77485
-82.30249,27.99264
-87.59028,37.84119
-87.86072,42.91175
-96.61936,32.32879
-80.34339,42.02085
-122.548,45.7815
-83.81942,39.43565
-84.28647,33.80281
-87.95786,42.28872
-81.0945,41.2822
-83.26512,42.31263
-86.73975,33.48118
-122.9235,47.06453
-111.9691,40.51655
-118.0549,34.10319
-73.18594,40.75046
-82.70778,27.86101
-73.32469,40.76213
-100.4333,45.54218
-122.3337,47.59872
-96.96558,32.47578
-81.85834,35.33142
-74.60295,39.25661
-87.8563,41.15906
-87.81593,41.92322
-91.98572,29.95416
-122.0092,38.2476
-76.9558,38.96084
-80.55885,40.64156
-88.6282,36.73043
-78.82539,38.26692
-121.9552,37.28084
-100.6428,30.56847
-88.55876,33.11302
-77.61698,37.68826
-81.3149,31.94007
-87.96822,43.23625
-122.3386,37.9651
-89.99735,29.95584
-73.33979,40.84603
-74.08175,40.38022
-72.03209,42.08496
-117.9824,34.00238
-81.22831,31.98388
-122.144,37.41437
-85.72792,42.81214
-81.4335,40.48173
-95.69254,29.55943
-102.8865,30.89174
-96.60214,32.77494
-75.26838,39.82799
-83.49998,42.57056
-108.5629,45.79745
-73.91973,40.76559
-89.44096,43.00776
-80.3413,25.61051
-122.3022,37.91855
-79.32879,42.43597
-73.96481,41.19817
-84.04755,39.72794
-79.54458,34.66674
-122.2741,47.90597
-74.66438,40.16304
-97.96399,26.22842
-87.69112,30.38473
-96.0882,30.36605
-89.99671,43.53408
-87.08629,45.75492
-118.3462,33.95363
-98.11427,26.18718
-122.2054,47.30663
-83.99539,33.99653
-89.92141,38.55715
-88.76369,35.91823
-87.88323,42.36878
-78.70847,42.91089
-80.4572,25.67174
-96.39842,30.15959
-105.0646,39.58199
-118.129,33.88808
-88.36103,44.24029
-91.04493,33.3936
-94.21874,36.374
-84.32622,33.82016
-81.84886,41.4702
-97.86346,29.98924
-122.9583,49.23965
-77.7835,42.25573
-97.86385,30.28922
-119.5609,36.69947
-84.33574,33.46077
-97.47106,26.06973
-79.36833,41.20232
-81.02414,24.73276
-74.20807,39.94164
-103.4848,20.79066
-84.37566,38.95892
-97.22432,32.86039
-74.12256,41.01387
-89.52735,38.60172
-96.82555,33.10809
-114.2993,43.51397
-81.33229,28.75749
-93.60395,44.81615
-76.75148,39.40275
-100.9106,32.71858
-73.97188,40.88955
-80.7176,28.25918
-93.13966,16.74244
-98.42253,34.62096
-74.3789,40.44641
-81.03748,40.74791
-76.11649,43.17564
-98.21913,32.21631
-73.29107,41.40575
-93.78547,41.6284
-95.08703,29.49716
-91.1505,30.64831
-99.45468,27.53208
-86.26718,42.38071
-75.02289,39.83687
-90.83309,29.79455
-84.5518,38.94216
-79.09857,41.80146
-82.34214,31.7728
-93.13437,34.4634
-95.18947,29.51198
-74.10303,40.81686
-76.3549,43.18667
-120.9571,37.59109
-85.51711,42.31784
-83.54251,34.56494
-79.80952,35.71295
-76.95271,39.07649
-81.84566,41.4424
-121.1728,38.66789
-82.62793,34.52919
-75.49627,40.67066
-80.41115,36.10467
-83.72366,33.66069
-75.60058,38.36042
-74.08257,39.94296
-119.1759,46.19929
-75.66877,41.41941
-74.6228,40.30094
-118.3486,33.99558
-82.08447,34.86695
-96.98093,30.86237
-74.98508,39.71099
-74.39905,40.77434
-91.03155,41.58882
-83.8313,34.30063
-74.15106,39.86215
-85.76235,33.79644
-98.00015,26.29983
-76.51363,38.27992
-74.53853,40.53255
-88.37206,38.38046
-81.53848,41.3908
-76.89158,42.89446
-93.56957,44.84385
-121.2507,38.80533
-73.4014,40.8474
-74.84789,40.07062
-81.11243,40.91766
-79.74229,40.6089
-74.51913,40.4716
-117.481,33.99491
-83.47621,41.60585
-81.45487,30.65221
-97.46194,32.68558
-80.03533,40.32339
-122.28,47.46955
-90.39925,38.42453
-82.11438,41.36084
-103.3359,20.67665
-82.22093,39.45407
-98.69054,29.57815
-76.88985,40.80168
-74.62762,40.03319
-76.50813,40.33175
-97.06776,36.71801
-84.66132,42.73312
-122.9355,45.53078
-73.50131,41.16266
-118.0067,33.85274
-94.031,29.97937
-119.8287,34.43946
-79.44633,43.99659
-77.45473,43.23202
-77.20948,38.80231
-120.7775,37.42387
-74.00378,41.55334
-86.64779,36.47131
-121.7601,37.68359
-97.54103,30.35485
-88.06082,41.56414
-79.35726,34.42052
-89.66836,44.96296
-87.91744,42.19874
-87.30194,30.41913
-90.05294,43.34868
-81.20978,32.18157
-85.77298,39.52714
-89.36817,40.79561
-76.74664,38.96378
-119.4571,35.14721
-122.1514,38.07161
-105.0178,39.59685
-123.1119,45.52214
-111.9786,41.16834
-85.00541,39.42409
-118.8117,55.15983
-122.6373,48.28954
-74.41796,41.43411
-113.5778,37.08558
-86.49297,38.85469
-70.81583,42.23406
-81.9933,34.96038
-111.8802,40.68852
-82.66629,27.46449
-122.3473,47.46506
-114.6871,32.60378
-112.0582,33.46478
-84.26067,33.75289
-72.6975,41.81419
-95.76739,29.53206
-97.26466,37.76678
-119.6372,36.33134
-81.49181,28.45714
-75.29267,39.89825
-79.76143,40.49412
-74.1188,40.93625
-95.44554,30.17986
-93.5465,32.55847
-83.03943,39.98001
-84.17612,39.65431
-71.0811,42.23916
-74.06078,41.50362
-121.8337,39.74704
-93.86853,45.17618
-114.5724,35.11532
-87.8422,42.46212
-71.03238,42.39937
-87.65217,41.94687
-96.61619,33.14388
-95.37781,30.06351
-89.22918,31.3467
-80.09316,40.54635
-111.7913,40.43229
-83.65441,31.70457
-106.7497,32.27434
-78.94821,43.7481
